Festivos;
2/01/2021;
3/01/2021;
9/01/2021;
10/01/2021;
16/01/2021;
17/01/2021;
23/01/2021;
24/01/2021;
30/01/2021;
31/01/2021;
6/02/2021;
7/02/2021;
13/02/2021;
14/02/2021;
20/02/2021;
21/02/2021;
27/02/2021;
28/02/2021;
6/03/2021;
7/03/2021;
13/03/2021;
14/03/2021;
20/03/2021;
21/03/2021;
27/03/2021;
28/03/2021;
3/04/2021;
4/04/2021;
10/04/2021;
11/04/2021;
17/04/2021;
18/04/2021;
24/04/2021;
25/04/2021;
1/05/2021;
2/05/2021;
8/05/2021;
9/05/2021;
15/05/2021;
16/05/2021;
22/05/2021;
23/05/2021;
29/05/2021;
30/05/2021;
5/06/2021;
6/06/2021;
12/06/2021;
13/06/2021;
19/06/2021;
20/06/2021;
26/06/2021;
27/06/2021;
3/07/2021;
4/07/2021;
10/07/2021;
11/07/2021;
17/07/2021;
18/07/2021;
24/07/2021;
25/07/2021;
31/07/2021;
1/08/2021;
7/08/2021;
8/08/2021;
14/08/2021;
15/08/2021;
21/08/2021;
22/08/2021;
28/08/2021;
29/08/2021;
4/09/2021;
5/09/2021;
11/09/2021;
12/09/2021;
18/09/2021;
19/09/2021;
25/09/2021;
26/09/2021;
2/10/2021;
3/10/2021;
9/10/2021;
10/10/2021;
16/10/2021;
17/10/2021;
23/10/2021;
24/10/2021;
30/10/2021;
31/10/2021;
6/11/2021;
7/11/2021;
13/11/2021;
14/11/2021;
20/11/2021;
21/11/2021;
27/11/2021;
28/11/2021;
4/12/2021;
5/12/2021;
11/12/2021;
12/12/2021;
18/12/2021;
19/12/2021;
25/12/2021;
31/12/2021;
1/01/2021;
11/01/2021;
22/03/2021;
1/04/2021;
2/04/2021;
17/05/2021;
7/06/2021;
14/06/2021;
5/07/2021;
20/07/2021;
16/08/2021;
18/10/2021;
1/11/2021;
15/11/2021;
8/12/2021;
;
;
;
;
;
;
;
;
;
;
;
;
;
;
;
;
;
;
;
;
;
;
;
;
;
;
;
;
;
;
;
;
;
;
;
;
;
;
;
;
;
;
;
;
;
;
;
;
;
;
;
;
;
;
;
;
;
;
;
;
;
;
;
;
;
;
;
;
;
;
;
;
;
;
;
;
;
;
;
;
;
;
;
;
;
;
;
;
;
;
;
;
;
;
;
;
;
;
;
;
;
;
;
;
;
;
;
;
;
;
;
;
;
;
;
;
;
;
;
;
;
;
;
;
;
;
;
;
;
;
;
;
;
;
;
;
;
;
;
;
;
;
;
;
;
;
;
;
;
;
;
;
;
;
;
;
;
;
;
;
;
;
;
;
;
;
;
;
;
;
;
;
;
;
;
;
;
;
;
;
;
;
;
;
;
;
;
;
;
;
;
;
;
;
;
;
;
;
;
;
;
;
;
;
;
;
;
;
;
;
;
;
;
;
;
;
;
;
;
;
;
;
;
;
;
;
;
;
;
;
;
;
;
;
;
;
;
;
;
;
;
;
;
;
;
;
;
;
;
;
;
;
;
;
;
;
;
;
;
;
;
;
;
;
;
;
;
;
;
;
;
;
;
;
;
;
;
;
;
;
;
;
;
;
;
;
;
;
